{"Orono Juicers": {"QB": {"1": {"First Name": 40, "Last Name": 6, "1": 0.4412886170699628, "2": 0.46035351896366317, "3": 0.7204517427863937, "4": 0.1972480164733148, "5": 0.7294108169368496, "6": 0.7292496962012813, "7": 0.7016980504191404, "8": 0.9903666216729887, "9": 0.35269230608107405}}, "WR": {"1": {"First Name": 44, "Last Name": 38, "1": 0.3103843398636832, "2": 0.07572211668982476, "3": 0.9484819539600367, "4": 0.1904141271662474, "5": 0.5608157454283025, "6": 0.8994924682397447, "7": 0.8132120689963642, "8": 0.05926379837828133, "9": 0.13410952268611664}, "2": {"First Name": 37, "Last Name": 65, "1": 0.932728379325976, "2": 0.49655286474187216, "3": 0.9105398708601378, "4": 0.702317917083557, "5": 0.0963638212882243, "6": 0.4782134402863667, "7": 0.7744982889686973, "8": 0.4392074136472477, "9": 0.10446773367931383}, "3": {"First Name": 46, "Last Name": 57, "1": 0.8639824591626948, "2": 0.7410005168207969, "3": 0.7110883763562666, "4": 0.5961123569215916, "5": 0.9352130335921245, "6": 0.9214287442533211, "7": 0.5643152673178902, "8": 0.4979107113592219, "9": 0.14273164242693803}}, "RB": {"1": {"First Name": 8, "Last Name": 44, "1": 0.4071108550064015, "2": 0.615956206094654, "3": 0.3285112421858538, "4": 0.1754224137810012, "5": 0.9972327565511847, "6": 0.5268013702526044, "7": 0.0830343131953366, "8": 0.19886755640254572, "9": 0.006352144835300333}, "2": {"First Name": 49, "Last Name": 97, "1": 0.0862167668363436, "2": 0.7430671290147385, "3": 0.06447906152026972, "4": 0.025919519966114635, "5": 0.43223791420557944, "6": 0.9126833291541274, "7": 0.06884928535575252, "8": 0.7732277958336721, "9": 0.2219530875579161}, "3": {"First Name": 3, "Last Name": 84, "1": 0.9539779724036608, "2": 0.13023328102598652, "3": 0.26989105544369085, "4": 0.1513704808711398, "5": 0.8843522289649003, "6": 0.2242311529979435, "7": 0.3435271626483214, "8": 0.7431448128629443, "9": 0.07776299956347565}, "4": {"First Name": 41, "Last Name": 44, "1": 0.29747292535432446, "2": 0.8678702355894821, "3": 0.40581028580142786, "4": 0.3935588720441636, "5": 0.29856711955200366, "6": 0.05497744339262356, "7": 0.40114282013862246, "8": 0.5954222437044216, "9": 0.8172036734560835}, "5": {"First Name": 53, "Last Name": 11, "1": 0.7418281609902859, "2": 0.8526155293388875, "3": 0.7972555169497673, "4": 0.3306933984102276, "5": 0.5485711281488956, "6": 0.8056629134611089, "7": 0.7683582018495841, "8": 0.3892525162788829, "9": 0.562180283689}, "6": {"First Name": 37, "Last Name": 77, "1": 0.13282851081899683, "2": 0.7136753500484525, "3": 0.03848485828538184, "4": 0.5809107668003214, "5": 0.33574112285494095, "6": 0.4117320081948854, "7": 0.40617340132539503, "8": 0.45565162664254544, "9": 0.9164281558753058}}, "DEF": {"1": {"First Name": 8, "Last Name": 78, "1": 0.7092146546772868, "2": 0.2757059498160368, "3": 0.14571741854230225, "4": 0.9176785707336879, "5": 0.9230355954606222, "6": 0.8390868237663618, "7": 0.4838468640478535, "8": 0.7378137521829224, "9": 0.16615162327974886}, "2": {"First Name": 51, "Last Name": 85, "1": 0.4119275808370422, "2": 0.43961632313420274, "3": 0.17439125594868043, "4": 0.8209047672243566, "5": 0.3747151953649599, "6": 0.07629840740816096, "7": 0.04702766679553516, "8": 0.04173102203650614, "9": 0.13600476824254848}, "3": {"First Name": 75, "Last Name": 9, "1": 0.2568153694757813, "2": 0.915428180358599, "3": 0.5382188413204108, "4": 0.03542186579023898, "5": 0.05713905013085796, "6": 0.7707775723767583, "7": 0.8029648764256736, "8": 0.30699386879016854, "9": 0.49595156311880606}, "4": {"First Name": 45, "Last Name": 66, "1": 0.8077172933158467, "2": 0.11965715700978041, "3": 0.46137384867241704, "4": 0.8949281229833241, "5": 0.032709030148436735, "6": 0.5932441553826606, "7": 0.4447505704349748, "8": 0.05234754438070954, "9": 0.951430089101332}, "5": {"First Name": 71, "Last Name": 57, "1": 0.6945452363277616, "2": 0.7672354120472196, "3": 0.19725546007454575, "4": 0.7306836727473063, "5": 0.9469080397893945, "6": 0.921274803986469, "7": 0.5379914816861917, "8": 0.9965433683387759, "9": 0.4089159859306897}, "6": {"First Name": 64, "Last Name": 90, "1": 0.9246335941479196, "2": 0.11234459929425444, "3": 0.21092647931752362, "4": 0.06842796329655076, "5": 0.701181723710202, "6": 0.9020747544445316, "7": 0.2547830100149002, "8": 0.5678947125479489, "9": 0.10999584569925114}, "7": {"First Name": 91, "Last Name": 25, "1": 0.8092896145719275, "2": 0.3885240917995978, "3": 0.4376196977312219, "4": 0.832968312038934, "5": 0.437581358657702, "6": 0.8264123304670328, "7": 0.31650850986262846, "8": 0.12295518650945692, "9": 0.02533689311717513}, "8": {"First Name": 94, "Last Name": 62, "1": 0.33260872303694833, "2": 0.8760916393181746, "3": 0.8116703234078617, "4": 0.7956253027443456, "5": 0.051926769283095586, "6": 0.8794775474093371, "7": 0.39066060699665617, "8": 0.8029637964282061, "9": 0.3068091892232605}, "9": {"First Name": 68, "Last Name": 60, "1": 0.46437135717755806, "2": 0.40750207736242294, "3": 0.6828552289742991, "4": 0.768244154605153, "5": 0.3697504374811642, "6": 0.2273248092791047, "7": 0.8725423867269021, "8": 0.20474813030027517, "9": 0.011930281347067417}}}, "Blue Badgers": {"QB": {"1": {"First Name": 42, "Last Name": 4, "1": 0.04007811034852837, "2": 0.8533568695984071, "3": 0.9240247013275986, "4": 0.00822392701936625, "5": 0.4062915203116124, "6": 0.47584997328570733, "7": 0.3703454318559525, "8": 0.32906884736786735, "9": 0.27077289990534625}}, "WR": {"1": {"First Name": 81, "Last Name": 35, "1": 0.30216588381421183, "2": 0.6703661322302279, "3": 0.6326086113689764, "4": 0.1760725440949822, "5": 0.10840504024195319, "6": 0.5372618813740071, "7": 0.8717817149552143, "8": 0.07467325734164976, "9": 0.7691270054221024}, "2": {"First Name": 28, "Last Name": 43, "1": 0.5207179271795284, "2": 0.04276554769935914, "3": 0.3129086565903949, "4": 0.5073802769575186, "5": 0.7620273597356819, "6": 0.3066785148015665, "7": 0.4420260310678701, "8": 0.5864513126057935, "9": 0.2831744555907123}, "3": {"First Name": 67, "Last Name": 79, "1": 0.42283190601180065, "2": 0.30425592801792867, "3": 0.027763691065798124, "4": 0.747591172251467, "5": 0.8380904550008708, "6": 0.3134678051488884, "7": 0.6029946804599347, "8": 0.11209035864882755, "9": 0.16745132894952008}}, "RB": {"1": {"First Name": 92, "Last Name": 81, "1": 0.6341772503679284, "2": 0.4443098129157419, "3": 0.9769780085918616, "4": 0.06323946920829049, "5": 0.8139492346176707, "6": 0.185319119621701, "7": 0.6895694553108798, "8": 0.9163768581604219, "9": 0.7004427454321545}, "2": {"First Name": 54, "Last Name": 6, "1": 0.775709468898409, "2": 0.6463191816279217, "3": 0.5205800583746266, "4": 0.019189982061136757, "5": 0.28148693245437717, "6": 0.1342654496984934, "7": 0.959391898442342, "8": 0.056014633640494305, "9": 0.5785023525245212}, "3": {"First Name": 14, "Last Name": 19, "1": 0.9239022816931166, "2": 0.9872901695229284, "3": 0.8266189884207804, "4": 0.35184701995344536, "5": 0.16584041203914582, "6": 0.3587104586939347, "7": 0.3394884366628429, "8": 0.05252266934612826, "9": 0.9813764581879285}, "4": {"First Name": 73, "Last Name": 93, "1": 0.8153743501357863, "2": 0.4290138732194526, "3": 0.36137232052637436, "4": 0.794666810010024, "5": 0.8880245117141361, "6": 0.8521915031172997, "7": 0.7247470330582639, "8": 0.9317426529631423, "9": 0.32799365669734293}, "5": {"First Name": 79, "Last Name": 99, "1": 0.08691529524566577, "2": 0.8625154870088447, "3": 0.49014827851243703, "4": 0.8153556256267216, "5": 0.4258119821694031, "6": 0.8138489509679272, "7": 0.16817061551551626, "8": 0.7571752531532641, "9": 0.4769682892081557}, "6": {"First Name": 10, "Last Name": 59, "1": 0.5615774545946216, "2": 0.02974473568029934, "3": 0.08634980133119297, "4": 0.7658160276339783, "5": 0.9545407254102617, "6": 0.2264640451547395, "7": 0.7253517214604361, "8": 0.03514436973460633, "9": 0.00968722461765692}}, "DEF": {"1": {"First Name": 10, "Last Name": 61, "1": 0.6565154096193713,